<?xml version="1.0"?>
<Data xmlns:xsd="http://www.w3.org/2001/XMLSchema" xmlns:xsi="http://www.w3.org/2001/XMLSchema-instance">
  <updateFeed>
    <Update>
      <Title>Mod Loader 2.0.0</Title>
      <Date>21/10/2019</Date>
      <Description>2.0 has finally been released! New launcher, zip mods, and skins(WIP). After 6 months of development, 2.0 is out. With a custom menu in-game to view and load mods and a new launcher to get quick access to the website and many new features.</Description>
    </Update>
    <Update>
      <Title>Mod Loader 1.1.0</Title>
      <Date>19/06/2019</Date>
      <Description>New Injector is being used because the old one stop working with the latest update (0.0.13) of VTOL VR.</Description>
    </Update>
    <Update>
      <Title>Mod Loader 1.0.0</Title>
      <Date>29/05/2019</Date>
      <Description>First Release of the mod loader!</Description>
    </Update>
  </updateFeed>
  <fileUpdates>
    <FileUpdate>
      <exeVersion>200</exeVersion>
      <dllVersion>200</dllVersion>
      <dateTime>2019-10-20T13:44:53.4049541+01:00</dateTime>
    </FileUpdate>
  </fileUpdates>
</Data>